dpus,tasklets,gemv.M.mram,gemv.M.wram,gemv.K.mram,gemv.K.wram,gemv.order[0],gemv.order[1],visited,valid,cost,eval_iter,eval_time_ms,cpu_time_ms,mu,sigma,acq
64,1,32,1,512,256,1,2,1,1,15.0879,29,2744,813,1.17838,0.0320344,1.11431
64,1,32,32,512,1,2,1,1,1,15.6934,22,513,150,1.24762,0.122964,1.00169
64,1,32,32,512,8,1,2,1,1,14.7683,24,184,57,1.19783,0.0664247,1.06498
64,1,64,32,256,256,2,1,1,1,14.9828,18,302,67,1.19396,0.0484095,1.09714
64,1,256,2,64,64,2,1,1,1,14.8718,21,251,79,1.20565,0.0767463,1.05216
64,1,256,256,64,2,1,2,1,1,15.6457,20,839,263,1.21575,0.0532785,1.10919
64,1,512,4,32,1,1,2,1,1,17.6652,12,197,52,1.28446,0.0887941,1.10687
64,1,1024,2,16,1,2,1,1,1,19.9627,17,187,48,1.33458,0.0816141,1.17135
64,1,1024,128,16,16,2,1,1,1,14.7163,28,375,127,1.17503,0.0385518,1.09793
64,1,1024,1024,16,1,2,1,1,1,15.7374,10,13253,3568,1.19474,0.014402,1.16593
64,2,8,2,1024,4,1,2,1,1,11.7157,6,146,32,1.07223,0.0138721,1.04449
64,2,8,2,1024,512,1,2,1,1,10.931,32,257,74,1.04261,0.01509,1.01243
64,2,16,8,512,512,2,1,1,1,11.0422,37,158,59,1.07131,0.0683058,0.934703
64,2,32,2,256,1,2,1,1,1,13.4822,15,218,49,1.19692,0.154704,0.887511
64,2,64,32,128,128,1,2,1,1,11.1252,4,278,60,1.05798,0.0339694,0.990045
64,2,64,64,128,4,2,1,1,1,11.0981,0,360,80,1.08012,0.0789759,0.922165
64,2,128,32,64,64,1,2,1,1,11.163,5,295,57,1.06607,0.0432978,0.979474
64,4,8,4,512,16,2,1,1,1,9.11756,38,285,110,1.0195,0.136099,0.747304
64,4,32,16,128,128,1,2,1,1,9.22681,3,258,58,0.983885,0.0453842,0.893116
64,4,32,32,128,64,1,2,1,1,9.23117,7,255,59,0.986323,0.0533853,0.879552
64,4,64,2,64,32,1,2,1,1,9.20663,27,320,111,0.962248,0.00468585,0.952876
64,4,256,1,16,16,2,1,1,1,9.23203,31,186,53,1.00651,0.0977224,0.81106
64,4,512,8,8,8,2,1,1,1,9.24979,9,372,87,0.983817,0.0421885,0.89944
64,4,512,128,8,4,1,2,1,1,9.53674,36,411,125,0.998553,0.0527077,0.893138
64,8,4,4,512,1,1,2,1,1,8.92605,30,177,50,0.965658,0.033152,0.899354
64,8,8,8,256,1,2,1,1,1,8.41166,23,190,58,0.961354,0.0846317,0.792091
64,8,32,2,64,2,2,1,1,1,8.63103,8,195,46,0.958853,0.0532382,0.852376
64,8,32,32,64,32,2,1,1,1,8.30595,1,226,60,0.958391,0.0891002,0.780191
64,8,64,64,32,1,2,1,1,1,8.38454,35,1474,463,0.947306,0.0557882,0.83573
64,8,512,1,4,4,2,1,1,1,8.86012,34,150,47,0.954221,0.0187891,0.916643
64,16,2,1,512,2,1,2,1,1,9.21533,25,181,54,0.981786,0.0405294,0.900727
64,16,4,1,256,256,1,2,1,1,8.17968,19,242,60,0.932947,0.0502538,0.83244
64,16,4,2,256,16,2,1,1,1,7.84943,14,304,68,0.912207,0.0417849,0.828637
64,16,8,2,128,128,2,1,1,1,7.84547,26,287,84,0.937454,0.0969432,0.743568
64,16,64,8,16,16,1,2,1,1,7.99351,39,410,213,0.476848,0.703991,-0.931135
64,16,128,8,8,8,2,1,1,1,8.0732,2,377,90,0.928189,0.05043,0.827329
64,16,512,1,2,1,2,1,1,1,9.6388,33,170,54,0.991625,0.0183592,0.954907
64,16,512,1,2,2,1,2,1,1,9.44855,13,192,50,0.996718,0.053262,0.890194
64,16,512,256,2,1,1,2,1,1,9.28468,16,1653,415,0.985041,0.0475072,0.890027
64,16,512,256,2,2,2,1,1,1,8.7941,11,1370,331,0.983639,0.0927907,0.798058
